a-size-base-plus,a-size-base-plus 2,aok-offscreen,a-offscreen,a-price-whole,a-offscreen 2,a-row,STARS,REVIEW
Liberty,"Freedom Pluto-1 Sports Lacing Non-Marking Badminton & Paddle/Pickle Ball Shoes for Men - Black & Sky Blue - Lightweight & Comfortable | Suitable for Table Tennis, Squash and All Indoor Court","Price, product page","₹1,199","1,199",₹599.50,(56% off),,
Campus,Men's Rage Running Shoes,"Price, product page","₹1,149","1,149","M.R.P: ₹2,699",(57% off),4.4,-184
Columbus,Catalyst Sports Shoes - Running Shoes|Walking Shoes| Training & Gym Shoe | Outdoors Shoe for Men,"Price, product page","₹2,229","2,229","M.R.P: ₹6,499",(66% off),3.7,-33
Reebok,"Men's Running Shoes - Stride Runner - Lightweight Training Shoes for Gym, Running and Fitness","Price, product page","₹1,326","1,326","M.R.P: ₹2,499",(47% off),3.8,(5.4K)
Reebok,"Men's Running Shoes - Stride Runner - Lightweight Training Shoes for Gym, Running and Fitness","Price, product page","₹1,326","1,326","M.R.P: ₹2,499",(47% off),3.8,(5.4K)
PUMA,Mens Dazzler Sneaker,"Price, product page","₹1,549","1,549","M.R.P: ₹3,999",(61% off),3.9,(8.4K)
Campus,Men First Running Shoes,"Price, product page","₹1,049","1,049","M.R.P: ₹1,899",(45% off),4,(12.8K)
Campus,Men Camp-Glacier Running Shoes,"Price, product page","₹1,099","1,099","M.R.P: ₹1,399",(21% off),4.1,-728
Campus,Men North Plus Running Shoes,"Price, product page","₹1,049","1,049","M.R.P: ₹1,899",(45% off),4,(15.8K)
Boldfit,"BoldFit Running Shoes for Man Soft Sole Sports Shoes for Men Running Light Weight Shoe for Men Sports Anti Slip Gym Shoe for Man Workout mesh Gym Footwear, Black - 09","Price, product page","₹1,099","1,099","M.R.P: ₹2,999",(63% off),4,-446
SPARX,Mens Sm-171 Running Shoe,"Price, product page","₹1,215","1,215","M.R.P: ₹1,649",(26% off),4.1,(7K)
Boldfit,"Cricket Shoes for Men & Boys Sports Shoes for Lightweight Cricket Sports Shoes, Ergonomic Fit Sports Shoes Cricket Match Shoes for Practise","Price, product page","₹1,173","1,173","M.R.P: ₹2,999",(61% off),Best seller,-598
Reebok,Men's Sports Shoe - Energy Runner - Running Shoe - Ideal for Running & Gym,"Price, product page","₹1,299","1,299","M.R.P: ₹2,599",(50% off),3.9,(6.1K)
Boldfit,Shoes for Man Stylish Running Shoes for Man Soft Cushion Lace Up Shoe for Men Stylish Regular Wear Walking Footwear Light Weight Sports Shoe for Men Running All Day Walking Footwear,"Price, product page","₹1,099","1,099","M.R.P: ₹2,499",(56% off),4.1,-160
PUMA,Mens Cricket Square Cricket Shoe,"Price, product page","₹2,249","2,249","M.R.P: ₹4,999",(55% off),3.8,-855
Campus,Men Terminator (N) Running Shoes,"Price, product page","₹1,149","1,149","M.R.P: ₹2,299",(50% off),3.9,(5.7K)
Campus,Men Strut Running Shoes,"Price, product page","₹1,299","1,299","M.R.P: ₹2,999",(57% off),4.3,-514
Reebok,Men's Running Shoes - Ultra Lite - Lightweight Cushioned Sports Shoes for Running,"Price, product page","₹1,499","1,499","M.R.P: ₹2,999",(50% off),4,(1.4K)
PUMA,Men Snatch V2 Sneaker,"Price, product page","₹1,399","1,399","M.R.P: ₹4,299",(67% off),4,(3.7K)
adidas,Mens Vacfast M Running Shoe,,,,,,4.7,-20
Liberty,"Freedom ASPIRE-1E Sports Lacing Non-Marking Badminton & Paddle/Pickle Ball Shoes for Men - Sky Blue & White - Lightweight & Comfortable | Suitable for Table Tennis, Squash and All Indoor Court","Price, product page","₹1,038","1,038","M.R.P: ₹2,499",(58% off),,
Bacca Bucci,Men Lace Up Basketball Shoe,"Price, product page","₹1,471","1,471","M.R.P: ₹3,499",(58% off),3.9,-188
Campus,Men's GREG PRO Running Shoes,"Price, product page","₹1,199","1,199","M.R.P: ₹2,999",(60% off),4.6,-114
Campus,Men's Hype PRO Running Shoes,"Price, product page","₹1,099","1,099","M.R.P: ₹3,299",(67% off),4.2,-178
Nivia,Powerstrike 4.0 Badminton Shoes for Men | Breathable Air Mesh with Fusion Technology Upper| Best Non Marking Multidirectional Herringbone Structure,"Price, product page","₹1,599","1,599","M.R.P: ₹2,399",(33% off),4.2,-350
Bacca Bucci,Men Lace Up Running Shoes,"Price, product page","₹1,029","1,029","M.R.P: ₹2,499",(59% off),3.9,-941
Boldfit,"Boldfit Trekking Shoes for Man Outdoor Hiking Shoes for Man high Neck Shoe for Men Anti Skid Trekking Boots Water Repellent Tracking Shoe for Men Breathable Hiking Boots, Sandstrom - 09","Price, product page","₹1,796","1,796","M.R.P: ₹3,999",(55% off),4,(1.2K)
ASIAN,Men NITROEDGE-01 Running and Gym wear Running Shoes with Laces,"Price, product page","₹1,249","1,249","M.R.P: ₹2,549",(51% off),4.1,(1.4K)
Reebok,Men's Sports Shoe - Flow Advance - Gym Shoe - Ideal for Gym & Running,"Price, product page","₹1,299","1,299","M.R.P: ₹2,499",(48% off),3.8,-343
adidas,Men Drogo M Running Shoe,"Price, product page","₹1,799","1,799","M.R.P: ₹3,299",(45% off),4,(15.6K)
adidas,Men Fluidglow M Running Shoe,"Price, product page","₹2,334","2,334","M.R.P: ₹4,299",(46% off),3.9,(2.8K)
Boldfit,"BoldFit Running Shoes for Men - Anti-Slip Sports Shoes With Soft Sole Extra Grip for Running, Jogging, Regular Gym - Black-Grey UK 10","Price, product page","₹1,099","1,099","M.R.P: ₹2,999",(63% off),4,-499
Boldfit,Badminton Shoes Shuttle Badminton Shoes Men Non Marking Shoes for Badminton Men Badminton Shoes for Man Non Marking Shoes Badminton Anti Skid Breathable Shoes for Men,"Price, product page","₹1,199","1,199","M.R.P: ₹4,199",(71% off),3.9,-437
Nivia,Men Marathon Running Shoe for Mens | Rubber Outsole with Breathable Mesh Upper with PVC Synthetic Leather | Die Cut N.R E.VA Sockliner | Ideal for Trail Running,"Price, product page","₹1,219","1,219","M.R.P: ₹1,329",(8% off),4,(1.3K)
Impakto,Mens Edgerunner Rooted Big Toe Box Trekking & Hiking Shoes for Men,"Price, product page","₹1,599","1,599","M.R.P: ₹4,499",(64% off),3.9,-34
Bacca Bucci,Mens Ironman Running Shoes,"Price, product page","₹1,379","1,379","M.R.P: ₹3,499",(61% off),3.8,-895
ASIAN,"Men DOMINATOR-03 Running and Casual wear Running Shoes with Laces, Lightweight and Comfortable Shoes with Upper Fabric and Phylon Sole for Men & Boys for Sports and Gym","Price, product page","₹1,049","1,049","M.R.P: ₹2,499",(58% off),3.8,-588
PUMA,Men Flyer Runner Engineer Knit Running Shoe,"Price, product page","₹1,369","1,369","M.R.P: ₹5,499",(75% off),3.9,-979
Campus,Men Flynn Walking Shoes,"Price, product page","₹1,299","1,299","M.R.P: ₹2,199",(41% off),4.2,-319
Campus,Men's Rage Running Shoes,"Price, product page","₹1,149","1,149","M.R.P: ₹2,699",(57% off),4.4,-184
Nivia,"HY-Court 2.0 Badminton Shoe for Mens | Rubber Sole Shoes with Upper Mesh for Sports, Badminton, Volleyball, Squash, Table Tennis, Nonmarking Sole","Price, product page","₹1,349","1,349","M.R.P: ₹1,860",(27% off),4.2,(7.2K)
ASIAN,"Men's Everest-01 Sports Trekking & Hiking,Walking Shoes with Rubber Outsole & Memory Foam Insole Lace-Up Shoes for Men's & Boy's","Price, product page","₹1,099","1,099","M.R.P: ₹1,999",(45% off),Best seller,(2.7K)
SPARX,Mens SM 680 Walking Shoe| Enhanced Durability & Soft Cushion,"Price, product page","₹1,130","1,130","M.R.P: ₹1,749",(35% off),4,(4K)
adidas,Men Master Glide M Running Shoe,"Price, product page","₹2,049","2,049","M.R.P: ₹4,599",(55% off),4.1,-54
adidas,Men Astoundrun M Running Shoe,"Price, product page","₹1,599","1,599","M.R.P: ₹4,299",(63% off),4,(1.1K)
Reebok,Men's Sports Shoe - Comfort Infused - Running Shoe - Ideal for Running & Gym,"Price, product page","₹2,149","2,149","M.R.P: ₹4,299",(50% off),3.9,(1.6K)
AVANT,Men's Sigma Slip-On Walking Shoes,"Price, product page","₹1,073","1,073","M.R.P: ₹1,499",(28% off),3.9,-811
Nivia,"HY-Court 3.0 Badminton Shoe for Mens, Rubber Sole Shoes with Upper Mesh for Sports, Badminton, Volleyball, Squash, Table Tennis, Nonmarking Sole","Price, product page","₹1,319","1,319","M.R.P: ₹2,199",(40% off),4.1,-292
OFF LIMITS,"Men's Gladiator Lightweight Breathable Comfortable Running Shoes for Men with Shock-Absorption Technology, Sports Fashion Walking Hiking Sneakers for Mens Casual Workout Footwear","Price, product page","₹1,899","1,899","M.R.P: ₹5,499",(65% off),3.8,-326
Liberty,Men Mesh Sneaker Shoes,"Price, product page","₹1,049","1,049","M.R.P: ₹1,799",(42% off),3.9,-871
Campus,Men Lam Running Shoes,"Price, product page","₹1,049","1,049","M.R.P: ₹2,399",(56% off),4.2,-188
SPARX,Mens Sm 678 Running Shoe,"Price, product page","₹1,216","1,216","M.R.P: ₹1,699",(28% off),4,(3.5K)
Reebok,"Men's Running Shoes - Ree Fusion - Lightweight Training Shoes for Gym, Running","Price, product page","₹1,399","1,399","M.R.P: ₹2,799",(50% off),4.1,-222
Nivia,HY-Court 2.1 Badminton Shoes for Men | Ultimate Footwear for Court Mastery | Padel Shoes | Pickleball Shoes | Non-Marking Court Shoes | Unleash Your Full Court Potential | (Navy Blue/Red/Yellow/Black),"Price, product page","₹1,196","1,196","M.R.P: ₹2,099",(43% off),4.1,-372
Campus,Men's Hype PRO Running Shoes,"Price, product page","₹1,149","1,149","M.R.P: ₹3,299",(65% off),4.2,-178
Campus,Men Canva Running Shoes,"Price, product page","₹1,049","1,049","M.R.P: ₹2,199",(52% off),4.2,-430
Campus,Men's Jarvis Running Shoes,"Price, product page","₹1,099","1,099","M.R.P: ₹2,599",(58% off),,
OFF LIMITS,"S.W.A.T (Trail Edition) Outdoor Shoes,Hiking Shoes, Anti Skid Boot,Trekking Shoes for Men","Price, product page","₹1,999","1,999","M.R.P: ₹6,699",(70% off),3.5,-19
Columbus,"META-03 Sports Shoes - Running, Walking, Training, Gym for Men's Outdoors for Men (Grey)","Price, product page","₹1,969","1,969","M.R.P: ₹4,599",(57% off),4,-37
Red Chief,Sports Lace Up Low Ankle Running Shoes for Men | Sports Shoes for Men | Shoes for Man Stylish | R1724,"Price, product page","₹2,357","2,357","M.R.P: ₹6,599",(64% off),3.5,-15
